{
  "model_type": "RandomForestClassifier",
  "model_version": "v1",
  "training_date": "2025-09-27T00:14:45.431363",
  "dataset": "Iris",
  "dataset_size": 150,
  "train_size": 120,
  "test_size": 30,
  "features": [
    "sepal length (cm)",
    "sepal width (cm)",
    "petal length (cm)",
    "petal width (cm)"
  ],
  "target_names": [
    "setosa",
    "versicolor",
    "virginica"
  ],
  "accuracy": 0.9666666666666667,
  "hyperparameters": {
    "n_estimators": 100,
    "random_state": 42,
    "max_depth": 3
  },
  "classification_report": {
    "0": {
      "precision": 1.0,
      "recall": 1.0,
      "f1-score": 1.0,
      "support": 10.0
    },
    "1": {
      "precision": 1.0,
      "recall": 0.9,
      "f1-score": 0.9473684210526315,
      "support": 10.0
    },
    "2": {
      "precision": 0.9090909090909091,
      "recall": 1.0,
      "f1-score": 0.9523809523809523,
      "support": 10.0
    },
    "accuracy": 0.9666666666666667,
    "macro avg": {
      "precision": 0.9696969696969697,
      "recall": 0.9666666666666667,
      "f1-score": 0.9665831244778612,
      "support": 30.0
    },
    "weighted avg": {
      "precision": 0.9696969696969696,
      "recall": 0.9666666666666667,
      "f1-score": 0.9665831244778613,
      "support": 30.0
    }
  },
  "confusion_matrix": [
    [
      10,
      0,
      0
    ],
    [
      0,
      9,
      1
    ],
    [
      0,
      0,
      10
    ]
  ],
  "feature_importances": [
    0.11430735842443468,
    0.005763960940459835,
    0.4403377925275046,
    0.439590888107601
  ]
}